,tile_filename
2009-01-09,MOD09A1.A2009009.h19v03.006.2015186095607.hdf
2009-01-17,MOD09A1.A2009017.h19v03.006.2015186102630.hdf
2009-01-25,MOD09A1.A2009025.h19v03.006.2015186103012.hdf
2009-02-02,MOD09A1.A2009033.h19v03.006.2015186095541.hdf
2009-02-10,MOD09A1.A2009041.h19v03.006.2015187104120.hdf
2009-02-18,MOD09A1.A2009049.h19v03.006.2015187101340.hdf
2009-02-26,MOD09A1.A2009057.h19v03.006.2015187102411.hdf
2009-03-06,MOD09A1.A2009065.h19v03.006.2015187190509.hdf
2009-03-14,MOD09A1.A2009073.h19v03.006.2015188131305.hdf
2009-03-22,MOD09A1.A2009081.h19v03.006.2015188125920.hdf
2009-03-30,MOD09A1.A2009089.h19v03.006.2015188125920.hdf
2009-04-07,MOD09A1.A2009097.h19v03.006.2015188214702.hdf
2009-04-15,MOD09A1.A2009105.h19v03.006.2015189191210.hdf
2009-04-23,MOD09A1.A2009113.h19v03.006.2015189183826.hdf
2009-05-01,MOD09A1.A2009121.h19v03.006.2015189173656.hdf
2009-05-09,MOD09A1.A2009129.h19v03.006.2015189172920.hdf
2009-05-17,MOD09A1.A2009137.h19v03.006.2015190010246.hdf
2009-05-25,MOD09A1.A2009145.h19v03.006.2015190160631.hdf
2009-06-02,MOD09A1.A2009153.h19v03.006.2015190155452.hdf
2009-06-10,MOD09A1.A2009161.h19v03.006.2015190172427.hdf
2009-06-18,MOD09A1.A2009169.h19v03.006.2015191022534.hdf
2009-06-26,MOD09A1.A2009177.h19v03.006.2015191125711.hdf
2009-07-04,MOD09A1.A2009185.h19v03.006.2015191134236.hdf
2009-07-12,MOD09A1.A2009193.h19v03.006.2015191131755.hdf
2009-07-20,MOD09A1.A2009201.h19v03.006.2015192181623.hdf
2009-07-28,MOD09A1.A2009209.h19v03.006.2015192181229.hdf
2009-08-05,MOD09A1.A2009217.h19v03.006.2015192175847.hdf
2009-08-13,MOD09A1.A2009225.h19v03.006.2015192173316.hdf
2009-08-21,MOD09A1.A2009233.h19v03.006.2015194182200.hdf
2009-08-29,MOD09A1.A2009241.h19v03.006.2015194171427.hdf
2009-09-06,MOD09A1.A2009249.h19v03.006.2015194185101.hdf
2009-09-14,MOD09A1.A2009257.h19v03.006.2015195023311.hdf
2009-09-22,MOD09A1.A2009265.h19v03.006.2015195025028.hdf
2009-09-30,MOD09A1.A2009273.h19v03.006.2015195163459.hdf
2009-10-08,MOD09A1.A2009281.h19v03.006.2015195162842.hdf
2009-10-16,MOD09A1.A2009289.h19v03.006.2015195172731.hdf
2009-10-24,MOD09A1.A2009297.h19v03.006.2015196022535.hdf
2009-11-01,MOD09A1.A2009305.h19v03.006.2015196163605.hdf
2009-11-09,MOD09A1.A2009313.h19v03.006.2015196171204.hdf
2009-11-17,MOD09A1.A2009321.h19v03.006.2015196174852.hdf
2009-11-25,MOD09A1.A2009329.h19v03.006.2015196235334.hdf
2010-01-01,MOD09A1.A2010001.h19v03.006.2015198083320.hdf
2010-01-09,MOD09A1.A2010009.h19v03.006.2015198141942.hdf
2010-01-17,MOD09A1.A2010017.h19v03.006.2015198135408.hdf
2010-01-25,MOD09A1.A2010025.h19v03.006.2015198234043.hdf
2010-02-02,MOD09A1.A2010033.h19v03.006.2015199155844.hdf
2010-02-10,MOD09A1.A2010041.h19v03.006.2015199154743.hdf
2010-02-18,MOD09A1.A2010049.h19v03.006.2015199155435.hdf
2010-02-26,MOD09A1.A2010057.h19v03.006.2015200061939.hdf
2010-03-06,MOD09A1.A2010065.h19v03.006.2015205193750.hdf
2010-03-14,MOD09A1.A2010073.h19v03.006.2015206114109.hdf
2010-03-22,MOD09A1.A2010081.h19v03.006.2015206093208.hdf
2010-03-30,MOD09A1.A2010089.h19v03.006.2015206115745.hdf
2010-04-07,MOD09A1.A2010097.h19v03.006.2015206122701.hdf
2010-04-15,MOD09A1.A2010105.h19v03.006.2015207022454.hdf
2010-04-23,MOD09A1.A2010113.h19v03.006.2015207112340.hdf
2010-05-01,MOD09A1.A2010121.h19v03.006.2015207185333.hdf
2010-05-09,MOD09A1.A2010129.h19v03.006.2015207193733.hdf
2010-05-17,MOD09A1.A2010137.h19v03.006.2015207214716.hdf
2010-05-25,MOD09A1.A2010145.h19v03.006.2015208045107.hdf
2010-06-02,MOD09A1.A2010153.h19v03.006.2015208174842.hdf
2010-06-10,MOD09A1.A2010161.h19v03.006.2015208214407.hdf
2010-06-18,MOD09A1.A2010169.h19v03.006.2015208221758.hdf
2010-06-26,MOD09A1.A2010177.h19v03.006.2015208231421.hdf
2010-07-04,MOD09A1.A2010185.h19v03.006.2015208232745.hdf
2010-07-12,MOD09A1.A2010193.h19v03.006.2015209054834.hdf
2010-07-20,MOD09A1.A2010201.h19v03.006.2015209135721.hdf
2010-07-28,MOD09A1.A2010209.h19v03.006.2015209183308.hdf
2010-08-05,MOD09A1.A2010217.h19v03.006.2015209185808.hdf
2010-08-13,MOD09A1.A2010225.h19v03.006.2015210010132.hdf
2010-08-21,MOD09A1.A2010233.h19v03.006.2015210123157.hdf
2010-08-29,MOD09A1.A2010241.h19v03.006.2015210140455.hdf
2010-09-06,MOD09A1.A2010249.h19v03.006.2015210132844.hdf
2010-09-14,MOD09A1.A2010257.h19v03.006.2015210234419.hdf
2010-09-22,MOD09A1.A2010265.h19v03.006.2015211061704.hdf
2010-09-30,MOD09A1.A2010273.h19v03.006.2015211084055.hdf
2010-10-08,MOD09A1.A2010281.h19v03.006.2015211181939.hdf
2010-10-16,MOD09A1.A2010289.h19v03.006.2015212014353.hdf
2010-10-24,MOD09A1.A2010297.h19v03.006.2015212024820.hdf
2010-11-01,MOD09A1.A2010305.h19v03.006.2015212191430.hdf
2010-11-09,MOD09A1.A2010313.h19v03.006.2015213105844.hdf
2010-11-17,MOD09A1.A2010321.h19v03.006.2015213114409.hdf
2010-11-25,MOD09A1.A2010329.h19v03.006.2015213123959.hdf
2011-01-01,MOD09A1.A2011001.h19v03.006.2015216142820.hdf
2011-01-09,MOD09A1.A2011009.h19v03.006.2015216113804.hdf
2011-01-17,MOD09A1.A2011017.h19v03.006.2015216174044.hdf
2011-01-25,MOD09A1.A2011025.h19v03.006.2015216185729.hdf
2011-02-02,MOD09A1.A2011033.h19v03.006.2015216173339.hdf
2011-02-10,MOD09A1.A2011041.h19v03.006.2015216142709.hdf
2011-02-18,MOD09A1.A2011049.h19v03.006.2015216173000.hdf
2011-02-26,MOD09A1.A2011057.h19v03.006.2015216155259.hdf
2011-03-06,MOD09A1.A2011065.h19v03.006.2015217014005.hdf
2011-03-14,MOD09A1.A2011073.h19v03.006.2015217102246.hdf
2011-03-22,MOD09A1.A2011081.h19v03.006.2015217121600.hdf
2011-03-30,MOD09A1.A2011089.h19v03.006.2015217194553.hdf
2011-04-07,MOD09A1.A2011097.h19v03.006.2015218120702.hdf
2011-04-15,MOD09A1.A2011105.h19v03.006.2015218103704.hdf
2011-04-23,MOD09A1.A2011113.h19v03.006.2015218131829.hdf
2011-05-01,MOD09A1.A2011121.h19v03.006.2015218141759.hdf
2011-05-09,MOD09A1.A2011129.h19v03.006.2015218223754.hdf
2011-05-17,
2011-05-25,MOD09A1.A2011145.h19v03.006.2015219162808.hdf
2011-06-02,MOD09A1.A2011153.h19v03.006.2015219174638.hdf
2011-06-10,MOD09A1.A2011161.h19v03.006.2015219154811.hdf
2011-06-18,MOD09A1.A2011169.h19v03.006.2015219230338.hdf
2011-06-26,MOD09A1.A2011177.h19v03.006.2015220121047.hdf
2011-07-04,MOD09A1.A2011185.h19v03.006.2015220092921.hdf
2011-07-12,MOD09A1.A2011193.h19v03.006.2015220164056.hdf
2011-07-20,MOD09A1.A2011201.h19v03.006.2015220155745.hdf
2011-07-28,MOD09A1.A2011209.h19v03.006.2015221005038.hdf
2011-08-05,MOD09A1.A2011217.h19v03.006.2015221114422.hdf
2011-08-13,MOD09A1.A2011225.h19v03.006.2015221142440.hdf
2011-08-21,MOD09A1.A2011233.h19v03.006.2015221154349.hdf
2011-08-29,MOD09A1.A2011241.h19v03.006.2015221161532.hdf
2011-09-06,MOD09A1.A2011249.h19v03.006.2015222005053.hdf
2011-09-14,MOD09A1.A2011257.h19v03.006.2015222110734.hdf
2011-09-22,MOD09A1.A2011265.h19v03.006.2015222132113.hdf
2011-09-30,MOD09A1.A2011273.h19v03.006.2015222141413.hdf
2011-10-08,MOD09A1.A2011281.h19v03.006.2015222162228.hdf
2011-10-16,MOD09A1.A2011289.h19v03.006.2015223013352.hdf
2011-10-24,MOD09A1.A2011297.h19v03.006.2015223164043.hdf
2011-11-01,MOD09A1.A2011305.h19v03.006.2015229131717.hdf
2011-11-09,MOD09A1.A2011313.h19v03.006.2015229132436.hdf
2011-11-17,MOD09A1.A2011321.h19v03.006.2015229134813.hdf
2011-11-25,MOD09A1.A2011329.h19v03.006.2015229150928.hdf
2012-01-01,MOD09A1.A2012001.h19v03.006.2015230181249.hdf
2012-01-09,MOD09A1.A2012009.h19v03.006.2015236194534.hdf
2012-01-17,MOD09A1.A2012017.h19v03.006.2015237120308.hdf
2012-01-25,MOD09A1.A2012025.h19v03.006.2015237132713.hdf
2012-02-02,MOD09A1.A2012033.h19v03.006.2015237130654.hdf
2012-02-10,MOD09A1.A2012041.h19v03.006.2015237233243.hdf
2012-02-18,MOD09A1.A2012049.h19v03.006.2015238140924.hdf
2012-02-26,MOD09A1.A2012057.h19v03.006.2015238173139.hdf
2012-03-05,MOD09A1.A2012065.h19v03.006.2015238192142.hdf
2012-03-13,MOD09A1.A2012073.h19v03.006.2015238173315.hdf
2012-03-21,MOD09A1.A2012081.h19v03.006.2015239174407.hdf
2012-03-29,MOD09A1.A2012089.h19v03.006.2015240031933.hdf
2012-04-06,MOD09A1.A2012097.h19v03.006.2015240042729.hdf
2012-04-14,MOD09A1.A2012105.h19v03.006.2015240143005.hdf
2012-04-22,MOD09A1.A2012113.h19v03.006.2015240161509.hdf
2012-04-30,MOD09A1.A2012121.h19v03.006.2015240230522.hdf
2012-05-08,MOD09A1.A2012129.h19v03.006.2015246105541.hdf
2012-05-16,MOD09A1.A2012137.h19v03.006.2015246073039.hdf
2012-05-24,MOD09A1.A2012145.h19v03.006.2015246140350.hdf
2012-06-01,MOD09A1.A2012153.h19v03.006.2015246135346.hdf
2012-06-09,MOD09A1.A2012161.h19v03.006.2015246142041.hdf
2012-06-17,MOD09A1.A2012169.h19v03.006.2015247090712.hdf
2012-06-25,MOD09A1.A2012177.h19v03.006.2015247052734.hdf
2012-07-03,MOD09A1.A2012185.h19v03.006.2015247120411.hdf
2012-07-11,MOD09A1.A2012193.h19v03.006.2015247120654.hdf
2012-07-19,MOD09A1.A2012201.h19v03.006.2015247204106.hdf
2012-07-27,MOD09A1.A2012209.h19v03.006.2015248134147.hdf
2012-08-04,MOD09A1.A2012217.h19v03.006.2015248135032.hdf
2012-08-12,MOD09A1.A2012225.h19v03.006.2015248134338.hdf
2012-08-20,MOD09A1.A2012233.h19v03.006.2015248163512.hdf
2012-08-28,MOD09A1.A2012241.h19v03.006.2015249025523.hdf
2012-09-05,MOD09A1.A2012249.h19v03.006.2015249160303.hdf
2012-09-13,MOD09A1.A2012257.h19v03.006.2015249155813.hdf
2012-09-21,MOD09A1.A2012265.h19v03.006.2015249190056.hdf
2012-09-29,MOD09A1.A2012273.h19v03.006.2015249185928.hdf
2012-10-07,MOD09A1.A2012281.h19v03.006.2015250013413.hdf
2012-10-15,MOD09A1.A2012289.h19v03.006.2015251060437.hdf
2012-10-23,MOD09A1.A2012297.h19v03.006.2015251123931.hdf
2012-10-31,MOD09A1.A2012305.h19v03.006.2015251180848.hdf
2012-11-08,MOD09A1.A2012313.h19v03.006.2015251165125.hdf
2012-11-16,MOD09A1.A2012321.h19v03.006.2015251182255.hdf
2012-11-24,MOD09A1.A2012329.h19v03.006.2015252222944.hdf
2013-01-01,MOD09A1.A2013001.h19v03.006.2015254190611.hdf
2013-01-09,MOD09A1.A2013009.h19v03.006.2015254171442.hdf
2013-01-17,MOD09A1.A2013017.h19v03.006.2015254165953.hdf
2013-01-25,MOD09A1.A2013025.h19v03.006.2015254183601.hdf
2013-02-02,MOD09A1.A2013033.h19v03.006.2015255200952.hdf
2013-02-10,MOD09A1.A2013041.h19v03.006.2015256110101.hdf
2013-02-18,MOD09A1.A2013049.h19v03.006.2015256204524.hdf
2013-02-26,MOD09A1.A2013057.h19v03.006.2015256203857.hdf
2013-03-06,MOD09A1.A2013065.h19v03.006.2015256213925.hdf
2013-03-14,MOD09A1.A2013073.h19v03.006.2015256193903.hdf
2013-03-22,MOD09A1.A2013081.h19v03.006.2015256233252.hdf
2013-03-30,MOD09A1.A2013089.h19v03.006.2015257112149.hdf
2013-04-07,MOD09A1.A2013097.h19v03.006.2015257141952.hdf
2013-04-15,MOD09A1.A2013105.h19v03.006.2015257134551.hdf
2013-04-23,MOD09A1.A2013113.h19v03.006.2015258193524.hdf
2013-05-01,MOD09A1.A2013121.h19v03.006.2015260152313.hdf
2013-05-09,MOD09A1.A2013129.h19v03.006.2015260165855.hdf
2013-05-17,MOD09A1.A2013137.h19v03.006.2015260201848.hdf
2013-05-25,MOD09A1.A2013145.h19v03.006.2015260211124.hdf
2013-06-02,MOD09A1.A2013153.h19v03.006.2015261223508.hdf
2013-06-10,MOD09A1.A2013161.h19v03.006.2015262181343.hdf
2013-06-18,MOD09A1.A2013169.h19v03.006.2015262203135.hdf
2013-06-26,MOD09A1.A2013177.h19v03.006.2015262192706.hdf
2013-07-04,MOD09A1.A2013185.h19v03.006.2015262204724.hdf
2013-07-12,MOD09A1.A2013193.h19v03.006.2015263212533.hdf
2013-07-20,MOD09A1.A2013201.h19v03.006.2015264095836.hdf
2013-07-28,MOD09A1.A2013209.h19v03.006.2015267192932.hdf
2013-08-05,MOD09A1.A2013217.h19v03.006.2015267181409.hdf
2013-08-13,MOD09A1.A2013225.h19v03.006.2015267192443.hdf
2013-08-21,MOD09A1.A2013233.h19v03.006.2015268014806.hdf
2013-08-29,MOD09A1.A2013241.h19v03.006.2015268094852.hdf
2013-09-06,MOD09A1.A2013249.h19v03.006.2015268114235.hdf
2013-09-14,MOD09A1.A2013257.h19v03.006.2015268115140.hdf
2013-09-22,MOD09A1.A2013265.h19v03.006.2015268103535.hdf
2013-09-30,MOD09A1.A2013273.h19v03.006.2015269082251.hdf
2013-10-08,MOD09A1.A2013281.h19v03.006.2015269223135.hdf
2013-10-16,MOD09A1.A2013289.h19v03.006.2015270014304.hdf
2013-10-24,MOD09A1.A2013297.h19v03.006.2015270025144.hdf
2013-11-01,MOD09A1.A2013305.h19v03.006.2015270025909.hdf
2013-11-09,MOD09A1.A2013313.h19v03.006.2015270223337.hdf
2013-11-17,MOD09A1.A2013321.h19v03.006.2015271123806.hdf
2013-11-25,MOD09A1.A2013329.h19v03.006.2015271135437.hdf
2014-01-01,MOD09A1.A2014001.h19v03.006.2015272083552.hdf
2014-01-09,MOD09A1.A2014009.h19v03.006.2015272102213.hdf
2014-01-17,MOD09A1.A2014017.h19v03.006.2015272091827.hdf
2014-01-25,MOD09A1.A2014025.h19v03.006.2015274024648.hdf
2014-02-02,MOD09A1.A2014033.h19v03.006.2015275014809.hdf
2014-02-10,MOD09A1.A2014041.h19v03.006.2015275030543.hdf
2014-02-18,MOD09A1.A2014049.h19v03.006.2015275030813.hdf
2014-02-26,MOD09A1.A2014057.h19v03.006.2015275031109.hdf
2014-03-06,MOD09A1.A2014065.h19v03.006.2015276025018.hdf
2014-03-14,MOD09A1.A2014073.h19v03.006.2015276214150.hdf
2014-03-22,MOD09A1.A2014081.h19v03.006.2015277020502.hdf
2014-03-30,MOD09A1.A2014089.h19v03.006.2015277013008.hdf
2014-04-07,MOD09A1.A2014097.h19v03.006.2015277002436.hdf
2014-04-15,MOD09A1.A2014105.h19v03.006.2015279032237.hdf
2014-04-23,MOD09A1.A2014113.h19v03.006.2015279172819.hdf
2014-05-01,MOD09A1.A2014121.h19v03.006.2015281140326.hdf
2014-05-09,MOD09A1.A2014129.h19v03.006.2015281143923.hdf
2014-05-17,MOD09A1.A2014137.h19v03.006.2015281145242.hdf
2014-05-25,MOD09A1.A2014145.h19v03.006.2015287020009.hdf
2014-06-02,MOD09A1.A2014153.h19v03.006.2015288020856.hdf
2014-06-10,MOD09A1.A2014161.h19v03.006.2015288114607.hdf
2014-06-18,MOD09A1.A2014169.h19v03.006.2015288081322.hdf
2014-06-26,MOD09A1.A2014177.h19v03.006.2015288092144.hdf
2014-07-04,MOD09A1.A2014185.h19v03.006.2015288104056.hdf
2014-07-12,MOD09A1.A2014193.h19v03.006.2015289013749.hdf
2014-07-20,MOD09A1.A2014201.h19v03.006.2015289050426.hdf
2014-07-28,MOD09A1.A2014209.h19v03.006.2015289020418.hdf
2014-08-05,MOD09A1.A2014217.h19v03.006.2015289072457.hdf
2014-08-13,MOD09A1.A2014225.h19v03.006.2015289103426.hdf
2014-08-21,MOD09A1.A2014233.h19v03.006.2015289190739.hdf
2014-08-29,MOD09A1.A2014241.h19v03.006.2015289220752.hdf
2014-09-06,MOD09A1.A2014249.h19v03.006.2015289222812.hdf
2014-09-14,MOD09A1.A2014257.h19v03.006.2015290233503.hdf
2014-09-22,MOD09A1.A2014265.h19v03.006.2015291102600.hdf
2014-09-30,MOD09A1.A2014273.h19v03.006.2015291120448.hdf
2014-10-08,MOD09A1.A2014281.h19v03.006.2015291144901.hdf
2014-10-16,MOD09A1.A2014289.h19v03.006.2015291145020.hdf
2014-10-24,MOD09A1.A2014297.h19v03.006.2015291223124.hdf
2014-11-01,MOD09A1.A2014305.h19v03.006.2015292101251.hdf
2014-11-09,MOD09A1.A2014313.h19v03.006.2015292094056.hdf
2014-11-17,MOD09A1.A2014321.h19v03.006.2015292103018.hdf
2014-11-25,MOD09A1.A2014329.h19v03.006.2015292111328.hdf
2015-01-01,MOD09A1.A2015001.h19v03.006.2015295092253.hdf
2015-01-09,MOD09A1.A2015009.h19v03.006.2015295141132.hdf
2015-01-17,MOD09A1.A2015017.h19v03.006.2015295135233.hdf
2015-01-25,MOD09A1.A2015025.h19v03.006.2015295155406.hdf
2015-02-02,MOD09A1.A2015033.h19v03.006.2015296002615.hdf
2015-02-10,MOD09A1.A2015041.h19v03.006.2015296121203.hdf
2015-02-18,MOD09A1.A2015049.h19v03.006.2015296182942.hdf
2015-02-26,MOD09A1.A2015057.h19v03.006.2015296193701.hdf
2015-03-06,MOD09A1.A2015065.h19v03.006.2015297053352.hdf
2015-03-14,MOD09A1.A2015073.h19v03.006.2015298012901.hdf
2015-03-22,MOD09A1.A2015081.h19v03.006.2015298200431.hdf
2015-03-30,MOD09A1.A2015089.h19v03.006.2015298200953.hdf
2015-04-07,MOD09A1.A2015097.h19v03.006.2015298235011.hdf
2015-04-15,MOD09A1.A2015105.h19v03.006.2015299024138.hdf
2015-04-23,MOD09A1.A2015113.h19v03.006.2015299020845.hdf
2015-05-01,MOD09A1.A2015121.h19v03.006.2015299045706.hdf
2015-05-09,MOD09A1.A2015129.h19v03.006.2015299172946.hdf
2015-05-17,MOD09A1.A2015137.h19v03.006.2015299192639.hdf
2015-05-25,MOD09A1.A2015145.h19v03.006.2015299185418.hdf
2015-06-02,MOD09A1.A2015153.h19v03.006.2015301034135.hdf
2015-06-10,MOD09A1.A2015161.h19v03.006.2015301103407.hdf
2015-06-18,MOD09A1.A2015169.h19v03.006.2015301112948.hdf
2015-06-26,MOD09A1.A2015177.h19v03.006.2015301224835.hdf
2015-07-04,MOD09A1.A2015185.h19v03.006.2015302014855.hdf
2015-07-12,MOD09A1.A2015193.h19v03.006.2015303070243.hdf
2015-07-20,MOD09A1.A2015201.h19v03.006.2015304032240.hdf
2015-07-28,MOD09A1.A2015209.h19v03.006.2015304070630.hdf
2015-08-05,MOD09A1.A2015217.h19v03.006.2015304065651.hdf
2015-08-13,MOD09A1.A2015225.h19v03.006.2015305171945.hdf
2015-08-21,MOD09A1.A2015233.h19v03.006.2015306003237.hdf
2015-08-29,MOD09A1.A2015241.h19v03.006.2015306011344.hdf
2015-09-06,MOD09A1.A2015249.h19v03.006.2015306020223.hdf
2015-09-14,MOD09A1.A2015257.h19v03.006.2015306022029.hdf
2015-09-22,MOD09A1.A2015265.h19v03.006.2015306193805.hdf
2015-09-30,MOD09A1.A2015273.h19v03.006.2015307103001.hdf
2015-10-08,MOD09A1.A2015281.h19v03.006.2015307102430.hdf
2015-10-16,MOD09A1.A2015289.h19v03.006.2015317185334.hdf
2015-10-24,MOD09A1.A2015297.h19v03.006.2015318022139.hdf
2015-11-01,MOD09A1.A2015305.h19v03.006.2015334222058.hdf
2015-11-09,MOD09A1.A2015313.h19v03.006.2015335180720.hdf
2015-11-17,MOD09A1.A2015321.h19v03.006.2015341235716.hdf
2015-11-25,MOD09A1.A2015329.h19v03.006.2015343190029.hdf
2016-01-01,MOD09A1.A2016001.h19v03.006.2016011194623.hdf
2016-01-09,MOD09A1.A2016009.h19v03.006.2016029115442.hdf
2016-01-17,MOD09A1.A2016017.h19v03.006.2016026071932.hdf
2016-01-25,MOD09A1.A2016025.h19v03.006.2016035163353.hdf
2016-02-02,MOD09A1.A2016033.h19v03.006.2016043141509.hdf
2016-02-10,MOD09A1.A2016041.h19v03.006.2016050072151.hdf
2016-02-18,MOD09A1.A2016049.h19v03.006.2016109160419.hdf
2016-02-26,MOD09A1.A2016057.h19v03.006.2016109162639.hdf
2016-03-05,MOD09A1.A2016065.h19v03.006.2016110191838.hdf
2016-03-13,MOD09A1.A2016073.h19v03.006.2016110193844.hdf
2016-03-21,MOD09A1.A2016081.h19v03.006.2016110195826.hdf
2016-03-29,MOD09A1.A2016089.h19v03.006.2016110201849.hdf
2016-04-06,MOD09A1.A2016097.h19v03.006.2016106221321.hdf
2016-04-14,MOD09A1.A2016105.h19v03.006.2016114082038.hdf
2016-04-22,MOD09A1.A2016113.h19v03.006.2016123132013.hdf
2016-04-30,MOD09A1.A2016121.h19v03.006.2016130150816.hdf
2016-05-08,MOD09A1.A2016129.h19v03.006.2016140153841.hdf
2016-05-16,MOD09A1.A2016137.h19v03.006.2016147144749.hdf
2016-05-24,MOD09A1.A2016145.h19v03.006.2016155181548.hdf
2016-06-01,MOD09A1.A2016153.h19v03.006.2016166184351.hdf
2016-06-09,MOD09A1.A2016161.h19v03.006.2016170072642.hdf
2016-06-17,MOD09A1.A2016169.h19v03.006.2016184042021.hdf
2016-06-25,MOD09A1.A2016177.h19v03.006.2016188024706.hdf
2016-07-03,MOD09A1.A2016185.h19v03.006.2016194194137.hdf
2016-07-11,MOD09A1.A2016193.h19v03.006.2016202084459.hdf
2016-07-19,MOD09A1.A2016201.h19v03.006.2016215124017.hdf
2016-07-27,MOD09A1.A2016209.h19v03.006.2016222123222.hdf
2016-08-04,MOD09A1.A2016217.h19v03.006.2016226080423.hdf
2016-08-12,MOD09A1.A2016225.h19v03.006.2016235055530.hdf
2016-08-20,MOD09A1.A2016233.h19v03.006.2016243125108.hdf
2016-08-28,MOD09A1.A2016241.h19v03.006.2016250084824.hdf
2016-09-05,MOD09A1.A2016249.h19v03.006.2016258071922.hdf
2016-09-13,MOD09A1.A2016257.h19v03.006.2016267015317.hdf
2016-09-21,MOD09A1.A2016265.h19v03.006.2016274184606.hdf
2016-09-29,MOD09A1.A2016273.h19v03.006.2016282072637.hdf
2016-10-07,MOD09A1.A2016281.h19v03.006.2016292111411.hdf
2016-10-15,MOD09A1.A2016289.h19v03.006.2016302011451.hdf
2016-10-23,MOD09A1.A2016297.h19v03.006.2016306082529.hdf
2016-10-31,MOD09A1.A2016305.h19v03.006.2016314201336.hdf
2016-11-08,MOD09A1.A2016313.h19v03.006.2016322100342.hdf
2016-11-16,MOD09A1.A2016321.h19v03.006.2016340133756.hdf
2016-11-24,MOD09A1.A2016329.h19v03.006.2016340143140.hdf
2017-01-01,MOD09A1.A2017001.h19v03.006.2017017151324.hdf
2017-01-09,MOD09A1.A2017009.h19v03.006.2017021022700.hdf
2017-01-17,MOD09A1.A2017017.h19v03.006.2017026122906.hdf
2017-01-25,MOD09A1.A2017025.h19v03.006.2017034122948.hdf
2017-02-02,MOD09A1.A2017033.h19v03.006.2017044220705.hdf
2017-02-10,MOD09A1.A2017041.h19v03.006.2017053105616.hdf
2017-02-18,MOD09A1.A2017049.h19v03.006.2017059070535.hdf
2017-02-26,MOD09A1.A2017057.h19v03.006.2017066080447.hdf
2017-03-06,MOD09A1.A2017065.h19v03.006.2017074144625.hdf
2017-03-14,MOD09A1.A2017073.h19v03.006.2017082160559.hdf
2017-03-22,MOD09A1.A2017081.h19v03.006.2017090162418.hdf
2017-03-30,MOD09A1.A2017089.h19v03.006.2017098031659.hdf
2017-04-07,MOD09A1.A2017097.h19v03.006.2017116175822.hdf
2017-04-15,MOD09A1.A2017105.h19v03.006.2017114195304.hdf
2017-04-23,MOD09A1.A2017113.h19v03.006.2017128135513.hdf
2017-05-01,MOD09A1.A2017121.h19v03.006.2017131054236.hdf
2017-05-09,MOD09A1.A2017129.h19v03.006.2017138035446.hdf
2017-05-17,MOD09A1.A2017137.h19v03.006.2017146031749.hdf
2017-05-25,MOD09A1.A2017145.h19v03.006.2017154034518.hdf
2017-06-02,MOD09A1.A2017153.h19v03.006.2017163190506.hdf
2017-06-10,MOD09A1.A2017161.h19v03.006.2017172161428.hdf
2017-06-18,MOD09A1.A2017169.h19v03.006.2017178121022.hdf
2017-06-26,MOD09A1.A2017177.h19v03.006.2017187224132.hdf
2017-07-04,MOD09A1.A2017185.h19v03.006.2017194110230.hdf
2017-07-12,MOD09A1.A2017193.h19v03.006.2017202032106.hdf
2017-07-20,MOD09A1.A2017201.h19v03.006.2017210034608.hdf
2017-07-28,MOD09A1.A2017209.h19v03.006.2017218045130.hdf
2017-08-05,MOD09A1.A2017217.h19v03.006.2017234151307.hdf
2017-08-13,MOD09A1.A2017225.h19v03.006.2017234040231.hdf
2017-08-21,MOD09A1.A2017233.h19v03.006.2017249210321.hdf
2017-08-29,MOD09A1.A2017241.h19v03.006.2017250140536.hdf
2017-09-06,MOD09A1.A2017249.h19v03.006.2017262124822.hdf
2017-09-14,MOD09A1.A2017257.h19v03.006.2017266041437.hdf
2017-09-22,MOD09A1.A2017265.h19v03.006.2017276172022.hdf
2017-09-30,MOD09A1.A2017273.h19v03.006.2017282033434.hdf
2017-10-08,MOD09A1.A2017281.h19v03.006.2017290130013.hdf
2017-10-16,MOD09A1.A2017289.h19v03.006.2017298032823.hdf
2017-10-24,MOD09A1.A2017297.h19v03.006.2017310191408.hdf
2017-11-01,MOD09A1.A2017305.h19v03.006.2017314042751.hdf
2017-11-09,MOD09A1.A2017313.h19v03.006.2017325163027.hdf
2017-11-17,MOD09A1.A2017321.h19v03.006.2017331213153.hdf
2017-11-25,MOD09A1.A2017329.h19v03.006.2017338032037.hdf
2018-01-01,MOD09A1.A2018001.h19v03.006.2018011145435.hdf
2018-01-09,MOD09A1.A2018009.h19v03.006.2018018034401.hdf
2018-01-17,MOD09A1.A2018017.h19v03.006.2018026032351.hdf
2018-01-25,MOD09A1.A2018025.h19v03.006.2018034033604.hdf
2018-02-02,MOD09A1.A2018033.h19v03.006.2018042035429.hdf
2018-02-10,MOD09A1.A2018041.h19v03.006.2018050033605.hdf
2018-02-18,MOD09A1.A2018049.h19v03.006.2018060011204.hdf
2018-02-26,MOD09A1.A2018057.h19v03.006.2018066215027.hdf
2018-03-06,MOD09A1.A2018065.h19v03.006.2018074040639.hdf
2018-03-14,MOD09A1.A2018073.h19v03.006.2018082191721.hdf
2018-03-22,MOD09A1.A2018081.h19v03.006.2018090030740.hdf
2018-03-30,MOD09A1.A2018089.h19v03.006.2018098034141.hdf
2018-04-07,MOD09A1.A2018097.h19v03.006.2018106033414.hdf
2018-04-15,MOD09A1.A2018105.h19v03.006.2018114035650.hdf
2018-04-23,MOD09A1.A2018113.h19v03.006.2018122041340.hdf
2018-05-01,MOD09A1.A2018121.h19v03.006.2018130035530.hdf
2018-05-09,MOD09A1.A2018129.h19v03.006.2018151145306.hdf
2018-05-17,MOD09A1.A2018137.h19v03.006.2018151150718.hdf
2018-05-25,MOD09A1.A2018145.h19v03.006.2018154035659.hdf
2018-06-02,MOD09A1.A2018153.h19v03.006.2018162041629.hdf
2018-06-10,MOD09A1.A2018161.h19v03.006.2018169142748.hdf
2018-06-18,MOD09A1.A2018169.h19v03.006.2018178035727.hdf
2018-06-26,MOD09A1.A2018177.h19v03.006.2018186224137.hdf
2018-07-04,MOD09A1.A2018185.h19v03.006.2018197142836.hdf
2018-07-12,MOD09A1.A2018193.h19v03.006.2018202041136.hdf
2018-07-20,MOD09A1.A2018201.h19v03.006.2018210041235.hdf
2018-07-28,MOD09A1.A2018209.h19v03.006.2018218215607.hdf
2018-08-05,MOD09A1.A2018217.h19v03.006.2018227165445.hdf
2018-08-13,MOD09A1.A2018225.h19v03.006.2018234040554.hdf
2018-08-21,MOD09A1.A2018233.h19v03.006.2018242040346.hdf
2018-08-29,MOD09A1.A2018241.h19v03.006.2018250043436.hdf
2018-09-06,MOD09A1.A2018249.h19v03.006.2018258034655.hdf
2018-09-14,MOD09A1.A2018257.h19v03.006.2018266035950.hdf
2018-09-22,MOD09A1.A2018265.h19v03.006.2018282170643.hdf
2018-09-30,MOD09A1.A2018273.h19v03.006.2018290190015.hdf
2018-10-08,MOD09A1.A2018281.h19v03.006.2018295151954.hdf
2018-10-16,MOD09A1.A2018289.h19v03.006.2018302173655.hdf
2018-10-24,MOD09A1.A2018297.h19v03.006.2018312182523.hdf
2018-11-01,MOD09A1.A2018305.h19v03.006.2018316153301.hdf
2018-11-09,MOD09A1.A2018313.h19v03.006.2018322034538.hdf
2018-11-17,MOD09A1.A2018321.h19v03.006.2018330171730.hdf
2018-11-25,MOD09A1.A2018329.h19v03.006.2018338032916.hdf
2019-01-01,MOD09A1.A2019001.h19v03.006.2019010204642.hdf
2019-01-09,MOD09A1.A2019009.h19v03.006.2019022164754.hdf
2019-01-17,MOD09A1.A2019017.h19v03.006.2019030120640.hdf
2019-01-25,MOD09A1.A2019025.h19v03.006.2019037210534.hdf
2019-02-02,MOD09A1.A2019033.h19v03.006.2019042144627.hdf
2019-02-10,MOD09A1.A2019041.h19v03.006.2019051023314.hdf
2019-02-18,MOD09A1.A2019049.h19v03.006.2019059193104.hdf
2019-02-26,MOD09A1.A2019057.h19v03.006.2019084162744.hdf
2019-03-06,MOD09A1.A2019065.h19v03.006.2019083203353.hdf
2019-03-14,MOD09A1.A2019073.h19v03.006.2019084023807.hdf
2019-03-22,MOD09A1.A2019081.h19v03.006.2019091170935.hdf
2019-03-30,MOD09A1.A2019089.h19v03.006.2019098150008.hdf
2019-04-07,MOD09A1.A2019097.h19v03.006.2019106052035.hdf
2019-04-15,MOD09A1.A2019105.h19v03.006.2019114035159.hdf
2019-04-23,MOD09A1.A2019113.h19v03.006.2019122075647.hdf
2019-05-01,MOD09A1.A2019121.h19v03.006.2019130034807.hdf
2019-05-09,MOD09A1.A2019129.h19v03.006.2019150130821.hdf
2019-05-17,MOD09A1.A2019137.h19v03.006.2019150085803.hdf
2019-05-25,MOD09A1.A2019145.h19v03.006.2019154042128.hdf
2019-06-02,MOD09A1.A2019153.h19v03.006.2019162045534.hdf
2019-06-10,MOD09A1.A2019161.h19v03.006.2019170041925.hdf
2019-06-18,MOD09A1.A2019169.h19v03.006.2019178035033.hdf
2019-06-26,MOD09A1.A2019177.h19v03.006.2019186041737.hdf
2019-07-04,MOD09A1.A2019185.h19v03.006.2019194042933.hdf
2019-07-12,MOD09A1.A2019193.h19v03.006.2019202033343.hdf
2019-07-20,MOD09A1.A2019201.h19v03.006.2019210034941.hdf
2019-07-28,MOD09A1.A2019209.h19v03.006.2019218062824.hdf
2019-08-05,MOD09A1.A2019217.h19v03.006.2019226050216.hdf
2019-08-13,MOD09A1.A2019225.h19v03.006.2019235021647.hdf
2019-08-21,MOD09A1.A2019233.h19v03.006.2019248172143.hdf
2019-08-29,MOD09A1.A2019241.h19v03.006.2019250051640.hdf
2019-09-06,MOD09A1.A2019249.h19v03.006.2019262204308.hdf
2019-09-14,MOD09A1.A2019257.h19v03.006.2019269212305.hdf
2019-09-22,MOD09A1.A2019265.h19v03.006.2019275211731.hdf
2019-09-30,MOD09A1.A2019273.h19v03.006.2019283065005.hdf
2019-10-08,MOD09A1.A2019281.h19v03.006.2019290042528.hdf
2019-10-16,MOD09A1.A2019289.h19v03.006.2019304175922.hdf
2019-10-24,MOD09A1.A2019297.h19v03.006.2019306041834.hdf
2019-11-01,MOD09A1.A2019305.h19v03.006.2019317030338.hdf
2019-11-09,MOD09A1.A2019313.h19v03.006.2019324003013.hdf
2019-11-17,MOD09A1.A2019321.h19v03.006.2019330041102.hdf
2019-11-25,
2020-01-01,MOD09A1.A2020001.h19v03.006.2020010221752.hdf
2020-01-17,MOD09A1.A2020017.h19v03.006.2020028003237.hdf
2020-01-25,MOD09A1.A2020025.h19v03.006.2020034191758.hdf
2020-02-02,MOD09A1.A2020033.h19v03.006.2020042183903.hdf
2020-02-10,MOD09A1.A2020041.h19v03.006.2020050070823.hdf
2020-02-18,MOD09A1.A2020049.h19v03.006.2020058051428.hdf
2020-02-26,MOD09A1.A2020057.h19v03.006.2020066044000.hdf
2020-03-05,MOD09A1.A2020065.h19v03.006.2020074034807.hdf
2020-03-13,MOD09A1.A2020073.h19v03.006.2020082044303.hdf
2020-03-21,MOD09A1.A2020081.h19v03.006.2020090203815.hdf
2020-04-30,MOD09A1.A2020121.h19v03.006.2020130053048.hdf
2020-05-08,
2020-07-11,MOD09A1.A2020193.h19v03.006.2020202075449.hdf
2020-08-20,MOD09A1.A2020233.h19v03.006.2020242032502.hdf
2020-08-28,MOD09A1.A2020241.h19v03.006.2020250043831.hdf
2020-09-29,MOD09A1.A2020273.h19v03.006.2020290072539.hdf
2020-10-07,MOD09A1.A2020281.h19v03.006.2020291114229.hdf
2020-10-15,MOD09A1.A2020289.h19v03.006.2020301145901.hdf
2020-10-23,MOD09A1.A2020297.h19v03.006.2020306035600.hdf
2020-10-31,MOD09A1.A2020305.h19v03.006.2020315081731.hdf
2020-11-16,MOD09A1.A2020321.h19v03.006.2020338025033.hdf
2020-11-24,MOD09A1.A2020329.h19v03.006.2020338105308.hdf
2021-02-10,MOD09A1.A2021041.h19v03.006.2021050032850.hdf
2021-03-06,MOD09A1.A2021065.h19v03.006.2021075093615.hdf
2021-04-15,MOD09A1.A2021105.h19v03.006.2021114045718.hdf
2021-04-23,MOD09A1.A2021113.h19v03.006.2021122063023.hdf
2021-05-01,MOD09A1.A2021121.h19v03.006.2021130034620.hdf
2021-05-09,MOD09A1.A2021129.h19v03.006.2021138035537.hdf
2021-05-17,MOD09A1.A2021137.h19v03.006.2021146081229.hdf
2021-07-04,MOD09A1.A2021185.h19v03.006.2021194065823.hdf
2021-08-13,MOD09A1.A2021225.h19v03.006.2021234043815.hdf
2021-08-21,MOD09A1.A2021233.h19v03.006.2021243163918.hdf
2021-09-06,MOD09A1.A2021249.h19v03.006.2021258055022.hdf
2021-09-14,MOD09A1.A2021257.h19v03.006.2021266041015.hdf
2021-10-08,MOD09A1.A2021281.h19v03.006.2021290045431.hdf
2021-10-16,MOD09A1.A2021289.h19v03.006.2021299111439.hdf
2021-10-24,MOD09A1.A2021297.h19v03.006.2021306213053.hdf
2021-11-01,MOD09A1.A2021305.h19v03.006.2021314063936.hdf
2021-11-25,MOD09A1.A2021329.h19v03.006.2021338212612.hdf
